, , config1 , , , , , , , , , , config3 , , , , , , , , , , config4 , , , , , , , , , , config5 , , , , , , , , , , config16 , , , , , , , , , , config17 , , , , , , , , , 
instance , , success , iter , visited buckets (%), first feasible bucket (%) , actual int gap (%) , proj int gap (%), num frac (%), obj gap (%), time (s) , , success , iter , visited buckets (%), first feasible bucket (%) , actual int gap (%) , proj int gap (%), num frac (%), obj gap (%), time (s) , , success , iter , visited buckets (%), first feasible bucket (%) , actual int gap (%) , proj int gap (%), num frac (%), obj gap (%), time (s) , , success , iter , visited buckets (%), first feasible bucket (%) , actual int gap (%) , proj int gap (%), num frac (%), obj gap (%), time (s) , , success , iter , visited buckets (%), first feasible bucket (%) , actual int gap (%) , proj int gap (%), num frac (%), obj gap (%), time (s) , , success , iter , visited buckets (%), first feasible bucket (%) , actual int gap (%) , proj int gap (%), num frac (%), obj gap (%), time (s) 
30n20b8 , , 0.000000 , 12000.000000 , 100.000000 , 100.000000 , 0.008499 , 0.008861 , 0.030831 , -1.000000 , 50.963995 , , 0.333333 , 11486.666667 , 100.000000 , 100.000000 , 0.004221 , 0.004221 , 0.016322 , 80.628608 , 44.891402 , , 0.000000 , 12000.000000 , 100.000000 , 100.000000 , 0.008360 , 0.009597 , 0.032644 , -1.000000 , 51.180689 , , 0.000000 , 12000.000000 , 100.000000 , 100.000000 , 0.004732 , 0.006473 , 0.019949 , -1.000000 , 47.241404 , , 0.333333 , 8283.333333 , 97.222222 , 16.666667 , 0.001300 , 0.001300 , 0.007254 , 92.986530 , 32.392638 , , 0.333333 , 8334.000000 , 96.969697 , 9.090909 , 0.002117 , 0.007203 , 0.012695 , 94.538879 , 36.061284
50v-10 , , 1.000000 , 3.333333 , 100.000000 , 100.000000 , 0.000000 , 0.000000 , 0.000000 , 71.418594 , 0.041258 , , 1.000000 , 0.000000 , 100.000000 , 100.000000 , 0.000000 , 0.000000 , 0.000000 , 99.976429 , 0.020585 , , 1.000000 , 3.333333 , 100.000000 , 100.000000 , 0.000000 , 0.000000 , 0.000000 , 71.418594 , 0.071193 , , 1.000000 , 0.000000 , 100.000000 , 100.000000 , 0.000000 , 0.000000 , 0.000000 , 99.976429 , 0.032458 , , 1.000000 , 3.333333 , 100.000000 , 100.000000 , 0.000000 , 0.000000 , 0.000000 , 71.418594 , 0.063426 , , 1.000000 , 0.000000 , 100.000000 , 100.000000 , 0.000000 , 0.000000 , 0.000000 , 99.976429 , 0.028276
atlanta-ip , , 1.000000 , 9.000000 , 100.000000 , 100.000000 , 0.000000 , 0.000000 , 0.000000 , 22.703813 , 7.450528 , , 1.000000 , 3.666667 , 100.000000 , 100.000000 , 0.000000 , 0.000000 , 0.000000 , 42.129373 , 1.803626 , , 1.000000 , 120.333333 , 100.000000 , 92.307692 , 0.000000 , 0.000000 , 0.000000 , 20.029397 , 11.640053 , , 1.000000 , 1.000000 , 83.333333 , 83.333333 , 0.000000 , 0.000000 , 0.000000 , 37.497452 , 1.903294 , , 1.000000 , 11.333333 , 92.857143 , 92.857143 , 0.000000 , 0.000000 , 0.000000 , 21.692257 , 12.923111 , , 1.000000 , 4.333333 , 100.000000 , 100.000000 , 0.000000 , 0.000000 , 0.000000 , 45.887631 , 2.693078
brazil3 , , 1.000000 , 7.666667 , 100.000000 , 100.000000 , 0.000000 , 0.000000 , 0.000000 , 87.348131 , 10.436330 , , 1.000000 , 11.666667 , 100.000000 , 100.000000 , 0.000000 , 0.000000 , 0.000000 , 88.957627 , 16.743351 , , 1.000000 , 7.666667 , 100.000000 , 100.000000 , 0.000000 , 0.000000 , 0.000000 , 87.348131 , 12.588316 , , 1.000000 , 11.666667 , 100.000000 , 100.000000 , 0.000000 , 0.000000 , 0.000000 , 88.957627 , 18.339869 , , 1.000000 , 7.666667 , 100.000000 , 100.000000 , 0.000000 , 0.000000 , 0.000000 , 87.348131 , 10.854969 , , 1.000000 , 11.666667 , 100.000000 , 100.000000 , 0.000000 , 0.000000 , 0.000000 , 88.957627 , 17.112234
buildingenergy , , 1.000000 , 1.000000 , 100.000000 , 100.000000 , 0.000000 , 0.000000 , 0.000000 , 1.086769 , 162.506098 , , 1.000000 , 1.000000 , 100.000000 , 100.000000 , 0.000000 , 0.000000 , 0.000000 , 99.766487 , 4.169468 , , 1.000000 , 1.000000 , 100.000000 , 100.000000 , 0.000000 , 0.000000 , 0.000000 , 1.086769 , 163.789124 , , 1.000000 , 1.000000 , 100.000000 , 100.000000 , 0.000000 , 0.000000 , 0.000000 , 99.766487 , 4.906127 , , 1.000000 , 1.000000 , 100.000000 , 100.000000 , 0.000000 , 0.000000 , 0.000000 , 1.086769 , 164.675359 , , 1.000000 , 1.000000 , 100.000000 , 100.000000 , 0.000000 , 0.000000 , 0.000000 , 99.766487 , 4.920422
comp07-2idx , , 1.000000 , 21.666667 , 100.000000 , 100.000000 , 0.000000 , 0.000000 , 0.000000 , 99.407309 , 5.685827 , , 1.000000 , 18.666667 , 100.000000 , 100.000000 , 0.000000 , 0.000000 , 0.000000 , 99.716098 , 4.438500 , , 1.000000 , 101.333333 , 94.871795 , 92.307692 , 0.000000 , 0.000000 , 0.000000 , 99.262144 , 16.857022 , , 1.000000 , 150.666667 , 94.444444 , 91.666667 , 0.000000 , 0.000000 , 0.000000 , 99.451460 , 13.506637 , , 1.000000 , 16.666667 , 50.000000 , 50.000000 , 0.000000 , 0.000000 , 0.000000 , 99.528588 , 6.140731 , , 1.000000 , 17.666667 , 15.384615 , 15.384615 , 0.000000 , 0.000000 , 0.000000 , 99.710877 , 12.114962
comp21-2idx , , 1.000000 , 21.000000 , 100.000000 , 100.000000 , 0.000000 , 0.000000 , 0.000000 , 92.847842 , 2.414443 , , 1.000000 , 23.666667 , 100.000000 , 100.000000 , 0.000000 , 0.000000 , 0.000000 , 94.720098 , 2.349026 , , 1.000000 , 21.000000 , 100.000000 , 100.000000 , 0.000000 , 0.000000 , 0.000000 , 92.847842 , 5.846489 , , 1.000000 , 23.666667 , 100.000000 , 100.000000 , 0.000000 , 0.000000 , 0.000000 , 94.720098 , 4.243563 , , 1.000000 , 19.666667 , 78.571429 , 78.571429 , 0.000000 , 0.000000 , 0.000000 , 94.121185 , 2.748258 , , 1.000000 , 19.000000 , 57.142857 , 57.142857 , 0.000000 , 0.000000 , 0.000000 , 95.411277 , 2.848490
cryptanalysiskb128n5obj16 , , 0.000000 , 50.333333 , 100.000000 , 100.000000 , 2.029146 , 1.016246 , 31.507661 , -1.000000 , 3600.039465 , , 0.000000 , 382.000000 , 100.000000 , 100.000000 , 0.011236 , 0.011236 , 0.029963 , -1.000000 , 3600.049040 , , 0.000000 , 49.000000 , 100.000000 , 100.000000 , 2.029146 , 1.016246 , 31.507661 , -1.000000 , 3600.543832 , , 0.000000 , 379.666667 , 100.000000 , 100.000000 , 0.011236 , 0.011236 , 0.029963 , -1.000000 , 3778.675608 , , 0.000000 , 48.333333 , 100.000000 , 100.000000 , 2.029146 , 1.016246 , 31.507661 , -1.000000 , 3600.544740 , , 0.000000 , 382.000000 , 100.000000 , 100.000000 , 0.011236 , 0.011236 , 0.029963 , -1.000000 , 3600.565317
enlight_hard , , 0.000000 , 2001.000000 , 100.000000 , 100.000000 , 0.250000 , 0.250000 , 0.500000 , -1.000000 , 1.403137 , , 0.000000 , 2001.000000 , 100.000000 , 100.000000 , 0.250000 , 0.250000 , 0.500000 , -1.000000 , 1.527168 , , 0.000000 , 2001.000000 , 100.000000 , 100.000000 , 0.250000 , 0.250000 , 0.500000 , -1.000000 , 1.523725 , , 0.000000 , 2001.000000 , 100.000000 , 100.000000 , 0.250000 , 0.250000 , 0.500000 , -1.000000 , 1.348499 , , 0.000000 , 2003.333333 , 100.000000 , 66.666667 , 0.416667 , 0.416667 , 0.833333 , -1.000000 , 1.498983 , , 0.000000 , 2001.000000 , 100.000000 , 66.666667 , 0.416667 , 0.416667 , 0.833333 , -1.000000 , 1.499847
ex10 , , 0.000000 , 1.000000 , 100.000000 , 100.000000 , 100.000000 , 100.000000 , 100.000000 , -1.000000 , 3600.133762 , , 0.000000 , 1.000000 , 100.000000 , 100.000000 , 100.000000 , 100.000000 , 100.000000 , -1.000000 , 3600.219933 , , 0.000000 , 1.000000 , 100.000000 , 0.000000 , 100.000000 , 100.000000 , 100.000000 , -1.000000 , 3601.222371 , , 0.000000 , 1.000000 , 100.000000 , 0.000000 , 100.000000 , 100.000000 , 100.000000 , -1.000000 , 3601.328014 , , 0.000000 , 0.000000 , 100.000000 , 100.000000 , 100.000000 , 100.000000 , 100.000000 , -1.000000 , 3600.314631 , , 0.000000 , 0.000000 , 100.000000 , 100.000000 , 100.000000 , 100.000000 , 100.000000 , -1.000000 , 3600.949921
ex9 , , 0.000000 , 13.000000 , 100.000000 , 100.000000 , 0.687939 , 0.692579 , 15.580546 , -1.000000 , 3600.051017 , , 0.000000 , 7.000000 , 100.000000 , 100.000000 , 0.686938 , 0.701033 , 17.349097 , -1.000000 , 3600.045557 , , 0.000000 , 92.666667 , 100.000000 , 85.714286 , 0.757788 , 0.702326 , 16.006664 , -1.000000 , 3600.522604 , , 0.333333 , 91.333333 , 100.000000 , 77.777778 , 0.471092 , 0.442390 , 11.335384 , 0.000000 , 3737.839398 , , 0.000000 , 0.666667 , 100.000000 , 33.333333 , 100.000000 , 100.000000 , 100.000000 , -1.000000 , 3600.389398 , , 0.000000 , 1.000000 , 100.000000 , 0.000000 , 100.000000 , 100.000000 , 100.000000 , -1.000000 , 3600.537148
fiball , , 1.000000 , 6.000000 , 100.000000 , 100.000000 , 0.000000 , 0.000000 , 0.000000 , 28.978670 , 0.898729 , , 1.000000 , 10.000000 , 100.000000 , 100.000000 , 0.000000 , 0.000000 , 0.000000 , 67.556548 , 1.072757 , , 1.000000 , 4.333333 , 10.000000 , 10.000000 , 0.000000 , 0.000000 , 0.000000 , 28.681775 , 0.827767 , , 1.000000 , 3.666667 , 8.333333 , 8.333333 , 0.000000 , 0.000000 , 0.000000 , 42.098183 , 0.706944 , , 1.000000 , 4.666667 , 12.500000 , 12.500000 , 0.000000 , 0.000000 , 0.000000 , 31.006733 , 1.428191 , , 1.000000 , 8.666667 , 7.692308 , 7.692308 , 0.000000 , 0.000000 , 0.000000 , 59.298394 , 1.399359
gen-ip002 , , 1.000000 , 1.000000 , 100.000000 , 100.000000 , 0.000000 , 0.000000 , 0.000000 , 14.224427 , 0.009072 , , 1.000000 , 0.000000 , 100.000000 , 100.000000 , 0.000000 , 0.000000 , 0.000000 , 100.000000 , 0.004139 , , 1.000000 , 1.000000 , 100.000000 , 100.000000 , 0.000000 , 0.000000 , 0.000000 , 14.224427 , 0.007715 , , 1.000000 , 0.000000 , 100.000000 , 100.000000 , 0.000000 , 0.000000 , 0.000000 , 100.000000 , 0.004720 , , 1.000000 , 1.000000 , 100.000000 , 100.000000 , 0.000000 , 0.000000 , 0.000000 , 14.224427 , 0.008801 , , 1.000000 , 0.000000 , 100.000000 , 100.000000 , 0.000000 , 0.000000 , 0.000000 , 100.000000 , 0.006290
gen-ip054 , , 1.000000 , 1.000000 , 100.000000 , 100.000000 , 0.000000 , 0.000000 , 0.000000 , 15.508509 , 0.007867 , , 1.000000 , 1.000000 , 100.000000 , 100.000000 , 0.000000 , 0.000000 , 0.000000 , 62.416292 , 0.004854 , , 1.000000 , 1.000000 , 100.000000 , 100.000000 , 0.000000 , 0.000000 , 0.000000 , 15.508509 , 0.005762 , , 1.000000 , 1.000000 , 100.000000 , 100.000000 , 0.000000 , 0.000000 , 0.000000 , 62.416292 , 0.003788 , , 1.000000 , 1.000000 , 100.000000 , 100.000000 , 0.000000 , 0.000000 , 0.000000 , 15.508509 , 0.005804 , , 1.000000 , 1.000000 , 100.000000 , 100.000000 , 0.000000 , 0.000000 , 0.000000 , 62.416292 , 0.004504
germanrr , , 1.000000 , 10.666667 , 100.000000 , 100.000000 , 0.000000 , 0.000000 , 0.000000 , 4.505204 , 4.000795 , , 1.000000 , 12.000000 , 100.000000 , 100.000000 , 0.000000 , 0.000000 , 0.000000 , 10.961121 , 1.438106 , , 1.000000 , 591.333333 , 100.000000 , 61.538462 , 0.000000 , 0.000000 , 0.000000 , 10.049142 , 7.998990 , , 1.000000 , 131.666667 , 100.000000 , 83.333333 , 0.000000 , 0.000000 , 0.000000 , 11.214044 , 5.357532 , , 1.000000 , 9.000000 , 21.428571 , 21.428571 , 0.000000 , 0.000000 , 0.000000 , 6.859833 , 5.710698 , , 1.000000 , 9.000000 , 92.307692 , 92.307692 , 0.000000 , 0.000000 , 0.000000 , 11.420689 , 3.665550
gfd-schedulen180f7d50m30k18 , , 0.000000 , 69.666667 , 100.000000 , 100.000000 , 0.215043 , 0.838657 , 2.474374 , -1.000000 , 3600.429044 , , 0.000000 , 37.000000 , 100.000000 , 100.000000 , 0.191021 , 0.543003 , 1.164754 , -1.000000 , 3600.456729 , , 0.000000 , 68.666667 , 100.000000 , 100.000000 , 0.226413 , 0.739354 , 2.455345 , -1.000000 , 3602.047623 , , 0.000000 , 36.333333 , 100.000000 , 100.000000 , 0.191021 , 0.661698 , 1.164754 , -1.000000 , 3602.023695 , , 0.000000 , 64.000000 , 100.000000 , 90.909091 , 0.297132 , 0.775505 , 2.778849 , -1.000000 , 3602.417136 , , 0.000000 , 36.333333 , 100.000000 , 100.000000 , 0.191021 , 0.661698 , 1.164754 , -1.000000 , 3602.178477
graphdraw-domain , , 1.000000 , 4.333333 , 100.000000 , 100.000000 , 0.000000 , 0.000000 , 0.000000 , 35.540374 , 0.025198 , , 1.000000 , 133.000000 , 100.000000 , 100.000000 , 0.000000 , 0.000000 , 0.000000 , 55.101100 , 0.076797 , , 1.000000 , 298.333333 , 100.000000 , 25.000000 , 0.000000 , 0.000000 , 0.000000 , 37.045733 , 0.192862 , , 1.000000 , 197.333333 , 83.333333 , 50.000000 , 0.000000 , 0.000000 , 0.000000 , 53.413436 , 0.143224 , , 1.000000 , 299.666667 , 40.000000 , 10.000000 , 0.000000 , 0.000000 , 0.000000 , 49.597471 , 0.280352 , , 1.000000 , 1.000000 , 16.666667 , 16.666667 , 0.000000 , 0.000000 , 0.000000 , 46.806096 , 0.022495
highschool1-aigio , , 0.000000 , 19.666667 , 100.000000 , 100.000000 , 0.022802 , 0.020175 , 0.088846 , -1.000000 , 3600.145648 , , 0.000000 , 33.333333 , 100.000000 , 100.000000 , 0.003042 , 0.003618 , 0.010195 , -1.000000 , 3600.144330 , , 0.666667 , 16.666667 , 100.000000 , 87.500000 , 0.018726 , 0.003537 , 0.037453 , 100.000000 , 2124.320441 , , 0.000000 , 33.333333 , 100.000000 , 100.000000 , 0.003042 , 0.003456 , 0.010195 , -1.000000 , 3600.569654 , , 1.000000 , 22.666667 , 38.461538 , 7.692308 , 0.000000 , 0.000000 , 0.000000 , 100.000000 , 1854.918957 , , 0.000000 , 65.666667 , 100.000000 , 15.384615 , 0.086668 , 0.031737 , 0.177796 , -1.000000 , 3600.626176
hypothyroid-k1 , , 1.000000 , 1.000000 , 100.000000 , 100.000000 , 0.000000 , 0.000000 , 0.000000 , 0.000000 , 7.472108 , , 1.000000 , 25.333333 , 100.000000 , 100.000000 , 0.000000 , 0.000000 , 0.000000 , 77.154215 , 3.731473 , , 1.000000 , 2.666667 , 50.000000 , 50.000000 , 0.000000 , 0.000000 , 0.000000 , 0.011692 , 9.773132 , , 1.000000 , 25.333333 , 100.000000 , 100.000000 , 0.000000 , 0.000000 , 0.000000 , 77.154215 , 4.177509 , , 1.000000 , 208.000000 , 50.000000 , 16.666667 , 0.000000 , 0.000000 , 0.000000 , 75.002923 , 13.881146 , , 1.000000 , 17.000000 , 40.000000 , 40.000000 , 0.000000 , 0.000000 , 0.000000 , 85.630773 , 3.228594
ic97_potential , , 0.000000 , 2003.000000 , 100.000000 , 100.000000 , 0.026556 , 0.026556 , 0.764818 , -1.000000 , 4.886739 , , 0.000000 , 12000.000000 , 100.000000 , 100.000000 , 0.062673 , 0.062673 , 1.274697 , -1.000000 , 16.939911 , , 0.000000 , 2003.000000 , 100.000000 , 100.000000 , 0.026556 , 0.026556 , 0.764818 , -1.000000 , 5.591852 , , 0.000000 , 12000.000000 , 100.000000 , 100.000000 , 0.062673 , 0.062673 , 1.274697 , -1.000000 , 16.805114 , , 0.000000 , 12000.000000 , 100.000000 , 90.909091 , 0.050988 , 0.050988 , 0.956023 , -1.000000 , 16.688016 , , 1.000000 , 254.000000 , 89.743590 , 69.230769 , 0.000000 , 0.000000 , 0.000000 , 6.661050 , 0.981202
icir97_tension , , 1.000000 , 157.666667 , 100.000000 , 100.000000 , 0.000000 , 0.000000 , 0.000000 , 8.909193 , 3.263420 , , 1.000000 , 310.666667 , 100.000000 , 100.000000 , 0.000000 , 0.000000 , 0.000000 , 11.289113 , 4.975531 , , 1.000000 , 711.666667 , 63.333333 , 10.000000 , 0.000000 , 0.000000 , 0.000000 , 8.674300 , 7.396015 , , 1.000000 , 682.000000 , 93.333333 , 20.000000 , 0.000000 , 0.000000 , 0.000000 , 10.268724 , 5.521954 , , 1.000000 , 103.666667 , 21.212121 , 18.181818 , 0.000000 , 0.000000 , 0.000000 , 10.376029 , 1.529260 , , 1.000000 , 357.000000 , 80.000000 , 20.000000 , 0.000000 , 0.000000 , 0.000000 , 10.680412 , 4.913111
k1mushroom , , 1.000000 , 1.000000 , 100.000000 , 100.000000 , 0.000000 , 0.000000 , 0.000000 , 18.248175 , 51.384694 , , 1.000000 , 20.666667 , 100.000000 , 100.000000 , 0.000000 , 0.000000 , 0.000000 , 96.553122 , 11.124773 , , 1.000000 , 519.666667 , 77.777778 , 11.111111 , 0.000000 , 0.000000 , 0.000000 , 76.317924 , 345.305252 , , 1.000000 , 139.333333 , 100.000000 , 66.666667 , 0.000000 , 0.000000 , 0.000000 , 98.296837 , 29.104295 , , 1.000000 , 214.000000 , 33.333333 , 11.111111 , 0.000000 , 0.000000 , 0.000000 , 86.536902 , 108.338655 , , 1.000000 , 160.666667 , 50.000000 , 25.000000 , 0.000000 , 0.000000 , 0.000000 , 78.102190 , 31.948256
lectsched-5-obj , , 0.000000 , 12000.000000 , 100.000000 , 100.000000 , 0.005462 , 0.006991 , 0.122296 , -1.000000 , 290.300152 , , 0.000000 , 12000.000000 , 100.000000 , 100.000000 , 0.006609 , 0.006609 , 0.085607 , -1.000000 , 298.409113 , , 0.000000 , 12000.000000 , 100.000000 , 100.000000 , 0.005462 , 0.006991 , 0.122296 , -1.000000 , 563.684753 , , 0.000000 , 12000.000000 , 100.000000 , 100.000000 , 0.006609 , 0.006609 , 0.085607 , -1.000000 , 293.001236 , , 0.000000 , 12000.000000 , 100.000000 , 76.923077 , 0.006153 , 0.007019 , 0.102423 , -1.000000 , 297.758032 , , 0.000000 , 12000.000000 , 100.000000 , 100.000000 , 0.006609 , 0.006609 , 0.085607 , -1.000000 , 290.779373
mik-250-20-75-4 , , 1.000000 , 2.000000 , 100.000000 , 100.000000 , 0.000000 , 0.000000 , 0.000000 , 41.651849 , 0.035927 , , 1.000000 , 0.000000 , 100.000000 , 100.000000 , 0.000000 , 0.000000 , 0.000000 , 100.000000 , 0.025108 , , 1.000000 , 2.000000 , 16.666667 , 16.666667 , 0.000000 , 0.000000 , 0.000000 , 100.000000 , 0.034588 , , 1.000000 , 0.000000 , 100.000000 , 100.000000 , 0.000000 , 0.000000 , 0.000000 , 100.000000 , 0.037531 , , 1.000000 , 2.000000 , 9.090909 , 9.090909 , 0.000000 , 0.000000 , 0.000000 , 100.000000 , 0.040103 , , 1.000000 , 0.000000 , 100.000000 , 100.000000 , 0.000000 , 0.000000 , 0.000000 , 100.000000 , 0.036394
mushroom-best , , 1.000000 , 19.666667 , 100.000000 , 100.000000 , 0.000000 , 0.000000 , 0.000000 , 99.998885 , 9.901322 , , 1.000000 , 19.666667 , 100.000000 , 100.000000 , 0.000000 , 0.000000 , 0.000000 , 99.998864 , 10.122370 , , 1.000000 , 2.000000 , 33.333333 , 33.333333 , 0.000000 , 0.000000 , 0.000000 , 30.018387 , 1.845172 , , 1.000000 , 37.333333 , 44.444444 , 33.333333 , 0.000000 , 0.000000 , 0.000000 , 99.884797 , 4.316640 , , 1.000000 , 2.000000 , 20.000000 , 20.000000 , 0.000000 , 0.000000 , 0.000000 , 41.793352 , 1.531716 , , 1.000000 , 2.000000 , 25.000000 , 25.000000 , 0.000000 , 0.000000 , 0.000000 , 99.709976 , 1.572901
mzzv11 , , 1.000000 , 17.333333 , 100.000000 , 100.000000 , 0.000000 , 0.000000 , 0.000000 , 39.070510 , 13.660098 , , 1.000000 , 0.000000 , 100.000000 , 100.000000 , 0.000000 , 0.000000 , 0.000000 , 100.000000 , 0.754127 , , 1.000000 , 0.000000 , 7.692308 , 7.692308 , 0.000000 , 0.000000 , 0.000000 , 100.000000 , 13.282204 , , 1.000000 , 0.000000 , 50.000000 , 50.000000 , 0.000000 , 0.000000 , 0.000000 , 100.000000 , 0.768873 , , 1.000000 , 0.000000 , 7.142857 , 7.142857 , 0.000000 , 0.000000 , 0.000000 , 100.000000 , 13.289273 , , 1.000000 , 0.000000 , 50.000000 , 50.000000 , 0.000000 , 0.000000 , 0.000000 , 100.000000 , 0.770631
mzzv42z , , 1.000000 , 1.666667 , 100.000000 , 100.000000 , 0.000000 , 0.000000 , 0.000000 , 27.345018 , 4.742415 , , 1.000000 , 0.000000 , 100.000000 , 100.000000 , 0.000000 , 0.000000 , 0.000000 , 100.000000 , 0.791650 , , 1.000000 , 0.000000 , 7.692308 , 7.692308 , 0.000000 , 0.000000 , 0.000000 , 100.000000 , 4.345683 , , 1.000000 , 0.000000 , 50.000000 , 50.000000 , 0.000000 , 0.000000 , 0.000000 , 100.000000 , 0.814308 , , 1.000000 , 0.000000 , 7.142857 , 7.142857 , 0.000000 , 0.000000 , 0.000000 , 100.000000 , 4.709565 , , 1.000000 , 0.000000 , 50.000000 , 50.000000 , 0.000000 , 0.000000 , 0.000000 , 100.000000 , 0.816163
n5-3 , , 1.000000 , 3.333333 , 100.000000 , 100.000000 , 0.000000 , 0.000000 , 0.000000 , 30.907013 , 0.102792 , , 1.000000 , 0.000000 , 100.000000 , 100.000000 , 0.000000 , 0.000000 , 0.000000 , 99.967843 , 0.041555 , , 1.000000 , 3.333333 , 33.333333 , 33.333333 , 0.000000 , 0.000000 , 0.000000 , 36.286386 , 0.157081 , , 1.000000 , 0.000000 , 50.000000 , 50.000000 , 0.000000 , 0.000000 , 0.000000 , 99.967843 , 0.064813 , , 1.000000 , 3.333333 , 50.000000 , 50.000000 , 0.000000 , 0.000000 , 0.000000 , 36.286386 , 0.155554 , , 1.000000 , 0.000000 , 50.000000 , 50.000000 , 0.000000 , 0.000000 , 0.000000 , 99.967843 , 0.065290
neos-1354092 , , 1.000000 , 4.333333 , 100.000000 , 100.000000 , 0.000000 , 0.000000 , 0.000000 , 15.773536 , 19.183044 , , 1.000000 , 4.000000 , 100.000000 , 100.000000 , 0.000000 , 0.000000 , 0.000000 , 15.293168 , 18.439295 , , 1.000000 , 286.333333 , 80.000000 , 20.000000 , 0.000000 , 0.000000 , 0.000000 , 4.166667 , 67.963704 , , 1.000000 , 385.333333 , 83.333333 , 16.666667 , 0.000000 , 0.000000 , 0.000000 , 9.803922 , 29.350029 , , 1.000000 , 11.666667 , 7.692308 , 7.692308 , 0.000000 , 0.000000 , 0.000000 , 3.486998 , 43.932688 , , 1.000000 , 5.333333 , 7.692308 , 7.692308 , 0.000000 , 0.000000 , 0.000000 , 10.915336 , 28.333564
neos-1456979 , , 1.000000 , 440.666667 , 100.000000 , 100.000000 , 0.000000 , 0.000000 , 0.000000 , 60.588634 , 29.882396 , , 1.000000 , 81.666667 , 100.000000 , 100.000000 , 0.000000 , 0.000000 , 0.000000 , 61.679959 , 6.946318 , , 1.000000 , 265.000000 , 100.000000 , 100.000000 , 0.000000 , 0.000000 , 0.000000 , 60.792878 , 18.823509 , , 1.000000 , 471.666667 , 100.000000 , 75.000000 , 0.000000 , 0.000000 , 0.000000 , 59.129890 , 45.445040 , , 1.000000 , 52.000000 , 20.000000 , 20.000000 , 0.000000 , 0.000000 , 0.000000 , 57.778296 , 4.949616 , , 1.000000 , 176.000000 , 28.571429 , 14.285714 , 0.000000 , 0.000000 , 0.000000 , 60.478170 , 23.467800
neos-1582420 , , 1.000000 , 171.333333 , 100.000000 , 100.000000 , 0.000000 , 0.000000 , 0.000000 , 56.098875 , 2.449579 , , 1.000000 , 56.666667 , 100.000000 , 100.000000 , 0.000000 , 0.000000 , 0.000000 , 60.427621 , 1.125461 , , 1.000000 , 311.666667 , 100.000000 , 90.909091 , 0.000000 , 0.000000 , 0.000000 , 51.917607 , 3.360205 , , 1.000000 , 363.333333 , 100.000000 , 62.500000 , 0.000000 , 0.000000 , 0.000000 , 59.828453 , 2.130883 , , 1.000000 , 330.333333 , 43.589744 , 7.692308 , 0.000000 , 0.000000 , 0.000000 , 50.841749 , 3.412699 , , 1.000000 , 130.000000 , 21.212121 , 9.090909 , 0.000000 , 0.000000 , 0.000000 , 58.791241 , 2.198029
neos-2657525-crna , , 1.000000 , 419.666667 , 100.000000 , 100.000000 , 0.000000 , 0.000000 , 0.000000 , 93.005849 , 0.902508 , , 1.000000 , 898.333333 , 100.000000 , 100.000000 , 0.000000 , 0.000000 , 0.000000 , 94.605516 , 1.353702 , , 1.000000 , 94.000000 , 33.333333 , 14.285714 , 0.000000 , 0.000000 , 0.000000 , 96.489967 , 0.138937 , , 1.000000 , 119.666667 , 73.333333 , 40.000000 , 0.000000 , 0.000000 , 0.000000 , 96.119933 , 0.127499 , , 1.000000 , 24.000000 , 14.285714 , 14.285714 , 0.000000 , 0.000000 , 0.000000 , 92.300713 , 0.072069 , , 1.000000 , 735.000000 , 100.000000 , 16.666667 , 0.000000 , 0.000000 , 0.000000 , 93.807213 , 1.436154
neos-2746589-doon , , 0.000000 , 12000.000000 , 100.000000 , 100.000000 , 0.015954 , 0.010500 , 0.315478 , -1.000000 , 933.866103 , , 0.000000 , 12000.000000 , 100.000000 , 100.000000 , 0.016659 , 0.011090 , 0.313515 , -1.000000 , 920.083627 , , 0.000000 , 11084.333333 , 100.000000 , 66.666667 , 0.020750 , 0.018745 , 0.365221 , -1.000000 , 3600.364544 , , 0.333333 , 10705.666667 , 100.000000 , 75.000000 , 0.006221 , 0.007000 , 0.041889 , 51.789701 , 2892.523039 , , 1.000000 , 658.000000 , 69.444444 , 8.333333 , 0.000000 , 0.000000 , 0.000000 , 18.442059 , 323.440349 , , 0.000000 , 11198.000000 , 100.000000 , 7.692308 , 0.005849 , 0.005541 , 0.043198 , -1.000000 , 3600.389417
neos-3004026-krka , , 0.000000 , 12000.000000 , 100.000000 , 100.000000 , 0.003011 , 0.003011 , 0.039147 , -1.000000 , 161.297407 , , 0.000000 , 12000.000000 , 100.000000 , 100.000000 , 0.003011 , 0.004667 , 0.039147 , -1.000000 , 141.153939 , , 0.000000 , 12000.000000 , 100.000000 , 66.666667 , 0.006625 , 0.006625 , 0.086123 , -1.000000 , 144.943323 , , 0.000000 , 12000.000000 , 100.000000 , 66.666667 , 0.005601 , 0.005601 , 0.062635 , -1.000000 , 151.209250 , , 0.000000 , 12000.000000 , 100.000000 , 50.000000 , 0.006926 , 0.006926 , 0.090037 , -1.000000 , 147.736892 , , 0.000000 , 12000.000000 , 100.000000 , 50.000000 , 0.005721 , 0.005721 , 0.074379 , -1.000000 , 145.457077
neos-3024952-loue , , 0.333333 , 1563.666667 , 100.000000 , 100.000000 , 0.002560 , 0.002560 , 0.051203 , 88.795082 , 28.092177 , , 1.000000 , 530.666667 , 100.000000 , 100.000000 , 0.000000 , 0.000000 , 0.000000 , 89.709995 , 8.209970 , , 0.333333 , 1563.666667 , 100.000000 , 100.000000 , 0.002560 , 0.002560 , 0.051203 , 88.795082 , 28.223175 , , 1.000000 , 530.666667 , 100.000000 , 100.000000 , 0.000000 , 0.000000 , 0.000000 , 89.709995 , 8.588409 , , 0.333333 , 1563.666667 , 100.000000 , 100.000000 , 0.002560 , 0.002560 , 0.051203 , 88.795082 , 27.827532 , , 1.000000 , 530.666667 , 100.000000 , 100.000000 , 0.000000 , 0.000000 , 0.000000 , 89.709995 , 8.269136
neos-3046615-murg , , 1.000000 , 1.000000 , 100.000000 , 100.000000 , 0.000000 , 0.000000 , 0.000000 , 24.847346 , 0.010766 , , 1.000000 , 0.000000 , 100.000000 , 100.000000 , 0.000000 , 0.000000 , 0.000000 , 24.847346 , 0.009448 , , 1.000000 , 0.000000 , 9.090909 , 9.090909 , 0.000000 , 0.000000 , 0.000000 , 24.847346 , 0.009109 , , 1.000000 , 0.000000 , 100.000000 , 100.000000 , 0.000000 , 0.000000 , 0.000000 , 24.847346 , 0.008895 , , 1.000000 , 1.000000 , 9.090909 , 9.090909 , 0.000000 , 0.000000 , 0.000000 , 24.847346 , 0.011253 , , 1.000000 , 0.000000 , 100.000000 , 100.000000 , 0.000000 , 0.000000 , 0.000000 , 24.847346 , 0.011296
neos-3083819-nubu , , 1.000000 , 1.000000 , 100.000000 , 100.000000 , 0.000000 , 0.000000 , 0.000000 , 0.798347 , 0.100573 , , 1.000000 , 0.000000 , 100.000000 , 100.000000 , 0.000000 , 0.000000 , 0.000000 , 10.139691 , 0.079277 , , 1.000000 , 1.000000 , 100.000000 , 100.000000 , 0.000000 , 0.000000 , 0.000000 , 0.798347 , 0.128884 , , 1.000000 , 0.000000 , 100.000000 , 100.000000 , 0.000000 , 0.000000 , 0.000000 , 10.139691 , 0.096363 , , 1.000000 , 1.000000 , 100.000000 , 100.000000 , 0.000000 , 0.000000 , 0.000000 , 0.798347 , 0.134705 , , 1.000000 , 0.000000 , 100.000000 , 100.000000 , 0.000000 , 0.000000 , 0.000000 , 10.139691 , 0.097441
neos-3381206-awhea , , 0.000000 , 2001.333333 , 100.000000 , 100.000000 , 0.489981 , 0.562339 , 2.666667 , -1.000000 , 10.345154 , , 0.000000 , 2001.333333 , 100.000000 , 100.000000 , 0.489981 , 0.562339 , 2.666667 , -1.000000 , 10.455273 , , 0.333333 , 1364.666667 , 100.000000 , 33.333333 , 0.283051 , 0.368811 , 1.628070 , 3.617021 , 7.598479 , , 0.333333 , 1364.666667 , 100.000000 , 33.333333 , 0.283051 , 0.368811 , 1.628070 , 3.617021 , 7.617657 , , 0.333333 , 1383.000000 , 100.000000 , 25.000000 , 0.365224 , 0.428382 , 1.838596 , 3.821656 , 7.911278 , , 0.333333 , 1383.000000 , 100.000000 , 25.000000 , 0.365224 , 0.428382 , 1.838596 , 3.821656 , 7.927057
neos-3656078-kumeu , , 0.000000 , 12000.000000 , 100.000000 , 100.000000 , 0.105698 , 0.969346 , 0.734225 , -1.000000 , 1847.973012 , , 0.000000 , 12000.000000 , 100.000000 , 100.000000 , 0.189742 , 2.110409 , 1.674877 , -1.000000 , 1837.518029 , , 0.000000 , 12000.000000 , 100.000000 , 92.307692 , 0.011887 , 0.268496 , 0.194699 , -1.000000 , 1678.343981 , , 0.000000 , 12000.000000 , 100.000000 , 100.000000 , 0.189742 , 2.110409 , 1.674877 , -1.000000 , 1842.204118 , , 0.000000 , 12000.000000 , 100.000000 , 57.142857 , 0.121888 , 1.219294 , 0.971147 , -1.000000 , 1823.602584 , , 0.000000 , 12000.000000 , 100.000000 , 92.857143 , 0.151935 , 1.993135 , 1.379310 , -1.000000 , 1836.895278
neos-4338804-snowy , , 1.000000 , 325.666667 , 100.000000 , 100.000000 , 0.000000 , 0.000000 , 0.000000 , 85.770353 , 0.703707 , , 1.000000 , 2.000000 , 100.000000 , 100.000000 , 0.000000 , 0.000000 , 0.000000 , 76.319351 , 0.040396 , , 1.000000 , 325.666667 , 100.000000 , 100.000000 , 0.000000 , 0.000000 , 0.000000 , 85.770353 , 0.707044 , , 1.000000 , 3.000000 , 12.500000 , 12.500000 , 0.000000 , 0.000000 , 0.000000 , 79.471230 , 0.050826 , , 1.000000 , 212.333333 , 21.212121 , 9.090909 , 0.000000 , 0.000000 , 0.000000 , 85.163272 , 0.695502 , , 1.000000 , 25.333333 , 9.090909 , 9.090909 , 0.000000 , 0.000000 , 0.000000 , 80.058645 , 0.095381
neos-4722843-widden , , 1.000000 , 10.666667 , 100.000000 , 100.000000 , 0.000000 , 0.000000 , 0.000000 , 14.835819 , 10.254195 , , 1.000000 , 13.000000 , 100.000000 , 100.000000 , 0.000000 , 0.000000 , 0.000000 , 39.741448 , 9.285588 , , 1.000000 , 6.000000 , 90.909091 , 90.909091 , 0.000000 , 0.000000 , 0.000000 , 19.255141 , 9.264558 , , 1.000000 , 11.000000 , 100.000000 , 100.000000 , 0.000000 , 0.000000 , 0.000000 , 38.017157 , 12.009621 , , 1.000000 , 11.333333 , 92.857143 , 92.857143 , 0.000000 , 0.000000 , 0.000000 , 16.948099 , 13.503165 , , 1.000000 , 1.000000 , 50.000000 , 50.000000 , 0.000000 , 0.000000 , 0.000000 , 76.851949 , 8.479345
neos-4738912-atrato , , 1.000000 , 2.333333 , 100.000000 , 100.000000 , 0.000000 , 0.000000 , 0.000000 , 11.303491 , 0.119723 , , 1.000000 , 1.000000 , 100.000000 , 100.000000 , 0.000000 , 0.000000 , 0.000000 , 63.076696 , 0.098943 , , 1.000000 , 2.333333 , 66.666667 , 66.666667 , 0.000000 , 0.000000 , 0.000000 , 11.706687 , 0.253362 , , 1.000000 , 1.000000 , 14.285714 , 14.285714 , 0.000000 , 0.000000 , 0.000000 , 37.072749 , 0.250570 , , 1.000000 , 3.333333 , 15.384615 , 15.384615 , 0.000000 , 0.000000 , 0.000000 , 6.542213 , 0.144047 , , 1.000000 , 2.666667 , 9.090909 , 9.090909 , 0.000000 , 0.000000 , 0.000000 , 44.072609 , 0.199804
neos-662469 , , 1.000000 , 1.000000 , 100.000000 , 100.000000 , 0.000000 , 0.000000 , 0.000000 , 90.836615 , 2.128801 , , 1.000000 , 0.000000 , 100.000000 , 100.000000 , 0.000000 , 0.000000 , 0.000000 , 98.521995 , 0.560137 , , 1.000000 , 0.000000 , 7.692308 , 7.692308 , 0.000000 , 0.000000 , 0.000000 , 97.653569 , 1.853194 , , 1.000000 , 0.000000 , 50.000000 , 50.000000 , 0.000000 , 0.000000 , 0.000000 , 98.521995 , 0.596985 , , 1.000000 , 1.000000 , 21.428571 , 21.428571 , 0.000000 , 0.000000 , 0.000000 , 91.958272 , 3.006409 , , 1.000000 , 0.000000 , 100.000000 , 100.000000 , 0.000000 , 0.000000 , 0.000000 , 98.521995 , 0.863919
neos-950242 , , 1.000000 , 19.000000 , 100.000000 , 100.000000 , 0.000000 , 0.000000 , 0.000000 , 40.601504 , 19.339691 , , 1.000000 , 11.666667 , 100.000000 , 100.000000 , 0.000000 , 0.000000 , 0.000000 , 27.619048 , 9.933021 , , 1.000000 , 103.333333 , 100.000000 , 66.666667 , 0.000000 , 0.000000 , 0.000000 , 60.410831 , 18.262987 , , 1.000000 , 176.333333 , 100.000000 , 33.333333 , 0.000000 , 0.000000 , 0.000000 , 38.333333 , 15.455384 , , 1.000000 , 26.000000 , 50.000000 , 50.000000 , 0.000000 , 0.000000 , 0.000000 , 43.333333 , 24.776964 , , 1.000000 , 13.000000 , 50.000000 , 50.000000 , 0.000000 , 0.000000 , 0.000000 , 17.777778 , 10.557086
neos8 , , 1.000000 , 1.666667 , 100.000000 , 100.000000 , 0.000000 , 0.000000 , 0.000000 , 33.548445 , 0.481545 , , 1.000000 , 0.000000 , 100.000000 , 100.000000 , 0.000000 , 0.000000 , 0.000000 , 100.000000 , 0.429144 , , 1.000000 , 0.000000 , 9.090909 , 9.090909 , 0.000000 , 0.000000 , 0.000000 , 65.474590 , 0.456872 , , 1.000000 , 0.000000 , 100.000000 , 100.000000 , 0.000000 , 0.000000 , 0.000000 , 100.000000 , 0.468349 , , 1.000000 , 0.000000 , 10.000000 , 10.000000 , 0.000000 , 0.000000 , 0.000000 , 100.000000 , 0.466061 , , 1.000000 , 0.000000 , 100.000000 , 100.000000 , 0.000000 , 0.000000 , 0.000000 , 100.000000 , 0.479890
ns1952667 , , 0.000000 , 1607.333333 , 100.000000 , 100.000000 , 0.025417 , 0.025549 , 0.301568 , -1.000000 , 3600.276191 , , 0.000000 , 1610.000000 , 100.000000 , 100.000000 , 0.025417 , 0.025549 , 0.301568 , -1.000000 , 3600.106266 , , 0.000000 , 1602.666667 , 100.000000 , 100.000000 , 0.025417 , 0.025549 , 0.301568 , -1.000000 , 3600.398410 , , 0.000000 , 1502.000000 , 100.000000 , 100.000000 , 0.025417 , 0.025549 , 0.301568 , -1.000000 , 3600.378266 , , 0.000000 , 1473.333333 , 100.000000 , 100.000000 , 0.025417 , 0.025549 , 0.301568 , -1.000000 , 3600.969302 , , 0.000000 , 1603.666667 , 100.000000 , 100.000000 , 0.025417 , 0.025549 , 0.301568 , -1.000000 , 3600.965883
nu25-pr12 , , 1.000000 , 2.000000 , 100.000000 , 100.000000 , 0.000000 , 0.000000 , 0.000000 , 2.654628 , 0.107230 , , 1.000000 , 0.000000 , 100.000000 , 100.000000 , 0.000000 , 0.000000 , 0.000000 , 86.002701 , 0.059905 , , 1.000000 , 1.000000 , 14.285714 , 14.285714 , 0.000000 , 0.000000 , 0.000000 , 2.800463 , 0.130917 , , 1.000000 , 0.000000 , 33.333333 , 33.333333 , 0.000000 , 0.000000 , 0.000000 , 86.002701 , 0.092346 , , 1.000000 , 2.000000 , 100.000000 , 100.000000 , 0.000000 , 0.000000 , 0.000000 , 2.654628 , 0.228987 , , 1.000000 , 0.000000 , 66.666667 , 66.666667 , 0.000000 , 0.000000 , 0.000000 , 19.436557 , 0.077728
nursesched-medium-hint03 , , 1.000000 , 7.333333 , 100.000000 , 100.000000 , 0.000000 , 0.000000 , 0.000000 , 94.638062 , 42.076908 , , 1.000000 , 3.666667 , 100.000000 , 100.000000 , 0.000000 , 0.000000 , 0.000000 , 98.030865 , 192.277694 , , 1.000000 , 7.333333 , 100.000000 , 100.000000 , 0.000000 , 0.000000 , 0.000000 , 94.594233 , 113.769902 , , 1.000000 , 136.666667 , 100.000000 , 85.714286 , 0.000000 , 0.000000 , 0.000000 , 98.501501 , 224.278392 , , 1.000000 , 16.666667 , 21.428571 , 21.428571 , 0.000000 , 0.000000 , 0.000000 , 95.696532 , 12.859827 , , 1.000000 , 32.333333 , 23.076923 , 15.384615 , 0.000000 , 0.000000 , 0.000000 , 98.520135 , 425.694777
nursesched-sprint02 , , 1.000000 , 5.333333 , 100.000000 , 100.000000 , 0.000000 , 0.000000 , 0.000000 , 42.562884 , 1.528863 , , 1.000000 , 4.333333 , 100.000000 , 100.000000 , 0.000000 , 0.000000 , 0.000000 , 87.676893 , 1.518794 , , 1.000000 , 5.000000 , 87.500000 , 87.500000 , 0.000000 , 0.000000 , 0.000000 , 3.861566 , 1.330293 , , 1.000000 , 1.000000 , 87.500000 , 87.500000 , 0.000000 , 0.000000 , 0.000000 , 87.659574 , 1.073318 , , 1.000000 , 14.000000 , 21.428571 , 21.428571 , 0.000000 , 0.000000 , 0.000000 , 56.205005 , 2.028512 , , 1.000000 , 0.000000 , 7.692308 , 7.692308 , 0.000000 , 0.000000 , 0.000000 , 87.139690 , 1.800201
piperout-08 , , 0.000000 , 12000.000000 , 100.000000 , 100.000000 , 0.125621 , 0.218469 , 0.851406 , -1.000000 , 85.149900 , , 0.000000 , 12000.000000 , 100.000000 , 100.000000 , 0.119229 , 0.211173 , 0.793574 , -1.000000 , 83.932564 , , 0.000000 , 12000.000000 , 100.000000 , 100.000000 , 0.125621 , 0.218469 , 0.851406 , -1.000000 , 84.140747 , , 0.000000 , 12000.000000 , 100.000000 , 100.000000 , 0.119229 , 0.211173 , 0.793574 , -1.000000 , 83.391482 , , 0.000000 , 12000.000000 , 100.000000 , 100.000000 , 0.125621 , 0.218469 , 0.851406 , -1.000000 , 86.443399 , , 0.000000 , 12000.000000 , 100.000000 , 100.000000 , 0.119229 , 0.211173 , 0.793574 , -1.000000 , 85.721246
piperout-27 , , 0.000000 , 12000.000000 , 100.000000 , 100.000000 , 0.173549 , 0.319732 , 0.830827 , -1.000000 , 110.569674 , , 0.000000 , 12000.000000 , 100.000000 , 100.000000 , 0.131580 , 0.314470 , 0.919639 , -1.000000 , 110.544381 , , 0.000000 , 12000.000000 , 100.000000 , 100.000000 , 0.173549 , 0.319732 , 0.830827 , -1.000000 , 111.841035 , , 0.000000 , 12000.000000 , 100.000000 , 100.000000 , 0.131580 , 0.314470 , 0.919639 , -1.000000 , 111.677097 , , 0.000000 , 12000.000000 , 100.000000 , 92.857143 , 0.182955 , 0.374416 , 1.123048 , -1.000000 , 115.025192 , , 0.000000 , 12000.000000 , 100.000000 , 76.923077 , 0.026807 , 0.036425 , 0.212004 , -1.000000 , 111.218511
proteindesign121hz512p9 , , 1.000000 , 3.000000 , 100.000000 , 100.000000 , 0.000000 , 0.000000 , 0.000000 , 2.450331 , 2.392610 , , 1.000000 , 1156.333333 , 100.000000 , 100.000000 , 0.000000 , 0.000000 , 0.000000 , 19.795825 , 36.336722 , , 1.000000 , 3.000000 , 100.000000 , 100.000000 , 0.000000 , 0.000000 , 0.000000 , 2.450331 , 2.784987 , , 1.000000 , 1156.333333 , 100.000000 , 100.000000 , 0.000000 , 0.000000 , 0.000000 , 19.795825 , 37.024914 , , 1.000000 , 440.000000 , 42.857143 , 21.428571 , 0.000000 , 0.000000 , 0.000000 , 10.367054 , 27.695118 , , 1.000000 , 667.666667 , 51.515152 , 9.090909 , 0.000000 , 0.000000 , 0.000000 , 5.512570 , 50.877381
proteindesign122trx11p8 , , 1.000000 , 116.333333 , 100.000000 , 100.000000 , 0.000000 , 0.000000 , 0.000000 , 7.584565 , 22.132244 , , 1.000000 , 605.666667 , 100.000000 , 100.000000 , 0.000000 , 0.000000 , 0.000000 , 2.695275 , 127.713780 , , 1.000000 , 116.333333 , 100.000000 , 100.000000 , 0.000000 , 0.000000 , 0.000000 , 7.584565 , 22.663918 , , 1.000000 , 605.666667 , 100.000000 , 100.000000 , 0.000000 , 0.000000 , 0.000000 , 2.695275 , 127.894915 , , 1.000000 , 881.000000 , 61.904762 , 21.428571 , 0.000000 , 0.000000 , 0.000000 , 10.508994 , 189.904197 , , 1.000000 , 560.000000 , 48.484848 , 9.090909 , 0.000000 , 0.000000 , 0.000000 , 4.879072 , 150.053761
radiationm18-12-05 , , 1.000000 , 183.333333 , 100.000000 , 100.000000 , 0.000000 , 0.000000 , 0.000000 , 73.798165 , 2.379646 , , 1.000000 , 248.666667 , 100.000000 , 100.000000 , 0.000000 , 0.000000 , 0.000000 , 70.437596 , 2.830202 , , 1.000000 , 146.666667 , 91.666667 , 91.666667 , 0.000000 , 0.000000 , 0.000000 , 67.960230 , 1.979569 , , 1.000000 , 105.666667 , 86.666667 , 80.000000 , 0.000000 , 0.000000 , 0.000000 , 48.565368 , 1.495807 , , 1.000000 , 74.666667 , 12.121212 , 9.090909 , 0.000000 , 0.000000 , 0.000000 , 60.864455 , 1.302196 , , 1.000000 , 136.333333 , 11.111111 , 8.333333 , 0.000000 , 0.000000 , 0.000000 , 39.655203 , 1.539146
radiationm40-10-02 , , 0.000000 , 2310.666667 , 100.000000 , 100.000000 , 0.001050 , 0.007135 , 0.019462 , -1.000000 , 74.169433 , , 0.333333 , 1625.666667 , 100.000000 , 100.000000 , 0.000037 , 0.006395 , 0.008515 , 65.233273 , 55.724644 , , 1.000000 , 134.000000 , 92.307692 , 92.307692 , 0.000000 , 0.000000 , 0.000000 , 60.151067 , 6.211806 , , 1.000000 , 131.666667 , 100.000000 , 80.000000 , 0.000000 , 0.000000 , 0.000000 , 33.694844 , 5.328199 , , 1.000000 , 159.333333 , 14.285714 , 14.285714 , 0.000000 , 0.000000 , 0.000000 , 52.832808 , 5.295099 , , 1.000000 , 234.333333 , 21.212121 , 9.090909 , 0.000000 , 0.000000 , 0.000000 , 40.835364 , 7.364139
rocI-4-11 , , 0.000000 , 12000.000000 , 100.000000 , 100.000000 , 0.134097 , 0.025329 , 1.358462 , -1.000000 , 61.987502 , , 0.000000 , 12000.000000 , 100.000000 , 100.000000 , 0.045819 , 0.006258 , 0.574527 , -1.000000 , 70.076322 , , 0.000000 , 12000.000000 , 100.000000 , 100.000000 , 0.088071 , 0.021968 , 1.175902 , -1.000000 , 62.658988 , , 0.000000 , 12000.000000 , 100.000000 , 100.000000 , 0.062961 , 0.008819 , 1.197380 , -1.000000 , 72.087662 , , 0.000000 , 12000.000000 , 100.000000 , 83.333333 , 0.219896 , 0.039275 , 1.594716 , -1.000000 , 65.722776 , , 0.000000 , 12000.000000 , 100.000000 , 100.000000 , 0.062961 , 0.008819 , 1.197380 , -1.000000 , 72.116822
rococoB10-011000 , , 1.000000 , 14.666667 , 100.000000 , 100.000000 , 0.000000 , 0.000000 , 0.000000 , 80.100454 , 0.328265 , , 1.000000 , 13.666667 , 100.000000 , 100.000000 , 0.000000 , 0.000000 , 0.000000 , 81.361997 , 0.135825 , , 1.000000 , 2.000000 , 11.111111 , 11.111111 , 0.000000 , 0.000000 , 0.000000 , 73.736546 , 0.307297 , , 1.000000 , 0.000000 , 33.333333 , 33.333333 , 0.000000 , 0.000000 , 0.000000 , 67.844920 , 0.088820 , , 1.000000 , 15.666667 , 38.461538 , 38.461538 , 0.000000 , 0.000000 , 0.000000 , 74.171169 , 0.521784 , , 1.000000 , 0.000000 , 50.000000 , 50.000000 , 0.000000 , 0.000000 , 0.000000 , 67.844920 , 0.088542
rococoC10-001000 , , 1.000000 , 18.666667 , 100.000000 , 100.000000 , 0.000000 , 0.000000 , 0.000000 , 91.166843 , 0.138004 , , 1.000000 , 17.333333 , 100.000000 , 100.000000 , 0.000000 , 0.000000 , 0.000000 , 92.840557 , 0.086937 , , 1.000000 , 0.000000 , 33.333333 , 33.333333 , 0.000000 , 0.000000 , 0.000000 , 51.706700 , 0.107036 , , 1.000000 , 3.333333 , 33.333333 , 33.333333 , 0.000000 , 0.000000 , 0.000000 , 82.072351 , 0.063763 , , 1.000000 , 12.333333 , 30.769231 , 30.769231 , 0.000000 , 0.000000 , 0.000000 , 90.252015 , 0.143505 , , 1.000000 , 6.333333 , 25.000000 , 25.000000 , 0.000000 , 0.000000 , 0.000000 , 85.299261 , 0.069120
roll3000 , , 1.000000 , 56.666667 , 100.000000 , 100.000000 , 0.000000 , 0.000000 , 0.000000 , 29.050117 , 0.575499 , , 1.000000 , 29.666667 , 100.000000 , 100.000000 , 0.000000 , 0.000000 , 0.000000 , 34.365362 , 0.321211 , , 1.000000 , 23.333333 , 92.307692 , 92.307692 , 0.000000 , 0.000000 , 0.000000 , 30.451297 , 0.559736 , , 1.000000 , 284.666667 , 91.666667 , 25.000000 , 0.000000 , 0.000000 , 0.000000 , 28.139338 , 0.815716 , , 1.000000 , 35.333333 , 71.428571 , 71.428571 , 0.000000 , 0.000000 , 0.000000 , 32.494296 , 0.942316 , , 1.000000 , 90.666667 , 33.333333 , 28.571429 , 0.000000 , 0.000000 , 0.000000 , 30.430279 , 1.201936
snp-02-004-104 , , 1.000000 , 4.000000 , 100.000000 , 100.000000 , 0.000000 , 0.000000 , 0.000000 , 17.554842 , 6.916282 , , 1.000000 , 0.000000 , 100.000000 , 100.000000 , 0.000000 , 0.000000 , 0.000000 , 23.543248 , 3.787380 , , 1.000000 , 0.000000 , 11.111111 , 11.111111 , 0.000000 , 0.000000 , 0.000000 , 23.182950 , 10.672611 , , 1.000000 , 0.000000 , 50.000000 , 50.000000 , 0.000000 , 0.000000 , 0.000000 , 23.543248 , 5.135576 , , 1.000000 , 0.000000 , 11.111111 , 11.111111 , 0.000000 , 0.000000 , 0.000000 , 23.182950 , 11.365146 , , 1.000000 , 0.000000 , 50.000000 , 50.000000 , 0.000000 , 0.000000 , 0.000000 , 23.543248 , 5.319517
splice1k1 , , 1.000000 , 2.000000 , 100.000000 , 100.000000 , 0.000000 , 0.000000 , 0.000000 , 96.192893 , 85.296460 , , 1.000000 , 15.666667 , 100.000000 , 100.000000 , 0.000000 , 0.000000 , 0.000000 , 99.492386 , 123.288187 , , 1.000000 , 2.000000 , 66.666667 , 66.666667 , 0.000000 , 0.000000 , 0.000000 , 69.796954 , 257.144014 , , 1.000000 , 14.333333 , 75.000000 , 75.000000 , 0.000000 , 0.000000 , 0.000000 , 98.900169 , 54.242630 , , 1.000000 , 2.000000 , 40.000000 , 40.000000 , 0.000000 , 0.000000 , 0.000000 , 96.192893 , 310.001091 , , 1.000000 , 22.666667 , 8.333333 , 8.333333 , 0.000000 , 0.000000 , 0.000000 , 98.646362 , 66.635957
square41 , , 0.333333 , 4.666667 , 100.000000 , 100.000000 , 0.015176 , 0.026738 , 0.364217 , 21.052632 , 3600.536604 , , 1.000000 , 2.000000 , 100.000000 , 100.000000 , 0.000000 , 0.000000 , 0.000000 , 6.250000 , 1610.824040 , , 1.000000 , 177.333333 , 100.000000 , 33.333333 , 0.000000 , 0.000000 , 0.000000 , 15.032680 , 2919.772376 , , 1.000000 , 176.333333 , 100.000000 , 33.333333 , 0.000000 , 0.000000 , 0.000000 , 6.250000 , 2192.621596 , , 0.000000 , 97.333333 , 100.000000 , 16.666667 , 0.024371 , 0.030051 , 0.495442 , -1.000000 , 3607.755917 , , 1.000000 , 88.333333 , 33.333333 , 16.666667 , 0.000000 , 0.000000 , 0.000000 , 6.250000 , 622.001820
square47 , , 0.000000 , 2.000000 , 100.000000 , 100.000000 , 0.015435 , 0.025654 , 0.438809 , -1.000000 , 3601.340619 , , 0.000000 , 2.000000 , 100.000000 , 100.000000 , 0.015722 , 0.026239 , 0.477744 , -1.000000 , 3601.554488 , , 0.333333 , 175.000000 , 100.000000 , 33.333333 , 0.011208 , 0.013770 , 0.243432 , 15.789474 , 3615.089293 , , 1.000000 , 174.666667 , 100.000000 , 33.333333 , 0.000000 , 0.000000 , 0.000000 , 15.789474 , 3615.383244 , , 0.000000 , 93.333333 , 100.000000 , 20.000000 , 0.016590 , 0.020580 , 0.393209 , -1.000000 , 3615.674615 , , 0.000000 , 92.000000 , 100.000000 , 20.000000 , 0.016812 , 0.020989 , 0.365148 , -1.000000 , 3615.526768
supportcase12 , , 1.000000 , 1.000000 , 100.000000 , 100.000000 , 0.000000 , 0.000000 , 0.000000 , 37.221567 , 8.309063 , , 1.000000 , 0.000000 , 100.000000 , 100.000000 , 0.000000 , 0.000000 , 0.000000 , 100.000000 , 3.531388 , , 1.000000 , 1.000000 , 100.000000 , 100.000000 , 0.000000 , 0.000000 , 0.000000 , 37.221567 , 8.532203 , , 1.000000 , 0.000000 , 100.000000 , 100.000000 , 0.000000 , 0.000000 , 0.000000 , 100.000000 , 3.820923 , , 1.000000 , 1.000000 , 100.000000 , 100.000000 , 0.000000 , 0.000000 , 0.000000 , 37.221567 , 8.640178 , , 1.000000 , 0.000000 , 100.000000 , 100.000000 , 0.000000 , 0.000000 , 0.000000 , 100.000000 , 3.817063
supportcase19 , , 0.000000 , 0.000000 , 100.000000 , 100.000000 , 100.000000 , 100.000000 , 100.000000 , -1.000000 , 3600.667625 , , 0.000000 , 0.000000 , 100.000000 , 100.000000 , 100.000000 , 100.000000 , 100.000000 , -1.000000 , 3600.796119 , , 0.000000 , 0.000000 , 100.000000 , 0.000000 , 100.000000 , 100.000000 , 100.000000 , -1.000000 , 3601.231686 , , 0.000000 , 0.000000 , 100.000000 , 0.000000 , 100.000000 , 100.000000 , 100.000000 , -1.000000 , 3601.078543 , , 0.000000 , 0.000000 , 100.000000 , 0.000000 , 100.000000 , 100.000000 , 100.000000 , -1.000000 , 3600.614964 , , 0.000000 , 0.000000 , 100.000000 , 0.000000 , 100.000000 , 100.000000 , 100.000000 , -1.000000 , 3600.742697
supportcase33 , , 1.000000 , 40.000000 , 100.000000 , 100.000000 , 0.000000 , 0.000000 , 0.000000 , 49.275362 , 2.846569 , , 1.000000 , 0.000000 , 100.000000 , 100.000000 , 0.000000 , 0.000000 , 0.000000 , 100.000000 , 0.302829 , , 1.000000 , 82.000000 , 90.000000 , 90.000000 , 0.000000 , 0.000000 , 0.000000 , 61.352657 , 1.890052 , , 1.000000 , 0.000000 , 33.333333 , 33.333333 , 0.000000 , 0.000000 , 0.000000 , 100.000000 , 0.601219 , , 1.000000 , 50.666667 , 14.285714 , 14.285714 , 0.000000 , 0.000000 , 0.000000 , 78.260870 , 1.532065 , , 1.000000 , 0.000000 , 50.000000 , 50.000000 , 0.000000 , 0.000000 , 0.000000 , 100.000000 , 0.612909
supportcase42 , , 1.000000 , 1.000000 , 100.000000 , 100.000000 , 0.000000 , 0.000000 , 0.000000 , 62.233809 , 13.883437 , , 1.000000 , 0.000000 , 100.000000 , 100.000000 , 0.000000 , 0.000000 , 0.000000 , 80.603423 , 1.084536 , , 1.000000 , 1.000000 , 100.000000 , 100.000000 , 0.000000 , 0.000000 , 0.000000 , 62.233809 , 14.168558 , , 1.000000 , 0.000000 , 100.000000 , 100.000000 , 0.000000 , 0.000000 , 0.000000 , 80.603423 , 1.620244 , , 1.000000 , 1.000000 , 100.000000 , 100.000000 , 0.000000 , 0.000000 , 0.000000 , 62.233809 , 14.049351 , , 1.000000 , 0.000000 , 100.000000 , 100.000000 , 0.000000 , 0.000000 , 0.000000 , 80.603423 , 1.615924
supportcase6 , , 1.000000 , 3.666667 , 100.000000 , 100.000000 , 0.000000 , 0.000000 , 0.000000 , 16.806756 , 5.815955 , , 1.000000 , 1.000000 , 100.000000 , 100.000000 , 0.000000 , 0.000000 , 0.000000 , 16.875304 , 3.661915 , , 1.000000 , 3.666667 , 100.000000 , 100.000000 , 0.000000 , 0.000000 , 0.000000 , 16.806756 , 7.439323 , , 1.000000 , 1.000000 , 100.000000 , 100.000000 , 0.000000 , 0.000000 , 0.000000 , 16.875304 , 5.026252 , , 1.000000 , 2.000000 , 25.000000 , 25.000000 , 0.000000 , 0.000000 , 0.000000 , 16.688032 , 6.121309 , , 1.000000 , 3.666667 , 18.181818 , 18.181818 , 0.000000 , 0.000000 , 0.000000 , 24.456626 , 6.842152
supportcase7 , , 1.000000 , 3.000000 , 100.000000 , 100.000000 , 0.000000 , 0.000000 , 0.000000 , 66.452701 , 5.113009 , , 1.000000 , 0.000000 , 100.000000 , 100.000000 , 0.000000 , 0.000000 , 0.000000 , 100.000000 , 1.977948 , , 1.000000 , 1.000000 , 16.666667 , 16.666667 , 0.000000 , 0.000000 , 0.000000 , 100.000000 , 4.708942 , , 1.000000 , 0.000000 , 100.000000 , 100.000000 , 0.000000 , 0.000000 , 0.000000 , 100.000000 , 2.293881 , , 1.000000 , 0.000000 , 12.500000 , 12.500000 , 0.000000 , 0.000000 , 0.000000 , 100.000000 , 4.519199 , , 1.000000 , 0.000000 , 100.000000 , 100.000000 , 0.000000 , 0.000000 , 0.000000 , 100.000000 , 2.317403
timtab1 , , 1.000000 , 36.333333 , 100.000000 , 100.000000 , 0.000000 , 0.000000 , 0.000000 , 40.942305 , 0.094848 , , 1.000000 , 12.333333 , 100.000000 , 100.000000 , 0.000000 , 0.000000 , 0.000000 , 38.040083 , 0.027104 , , 1.000000 , 40.666667 , 10.000000 , 10.000000 , 0.000000 , 0.000000 , 0.000000 , 41.558892 , 0.057483 , , 1.000000 , 119.666667 , 88.888889 , 66.666667 , 0.000000 , 0.000000 , 0.000000 , 40.546190 , 0.194279 , , 1.000000 , 40.000000 , 13.333333 , 10.000000 , 0.000000 , 0.000000 , 0.000000 , 40.909872 , 0.066379 , , 1.000000 , 67.666667 , 55.555556 , 33.333333 , 0.000000 , 0.000000 , 0.000000 , 39.819607 , 0.109510
traininstance2 , , 0.333333 , 10304.333333 , 100.000000 , 100.000000 , 0.000825 , 0.000422 , 0.016920 , 88.355654 , 65.505609 , , 0.333333 , 5960.666667 , 100.000000 , 100.000000 , 0.001187 , 0.000594 , 0.050761 , 89.779131 , 38.923877 , , 0.666667 , 8659.000000 , 100.000000 , 100.000000 , 0.000382 , 0.000191 , 0.025381 , 90.036176 , 55.259656 , , 0.000000 , 6879.000000 , 100.000000 , 100.000000 , 0.001283 , 0.000648 , 0.067682 , -1.000000 , 40.938589 , , 1.000000 , 4469.333333 , 83.333333 , 16.666667 , 0.000000 , 0.000000 , 0.000000 , 66.652158 , 31.257782 , , 1.000000 , 10936.666667 , 100.000000 , 25.000000 , 0.000000 , 0.000000 , 0.000000 , 91.413241 , 73.847802
traininstance6 , , 1.000000 , 2271.333333 , 100.000000 , 100.000000 , 0.000000 , 0.000000 , 0.000000 , 70.778340 , 7.271590 , , 1.000000 , 2662.000000 , 100.000000 , 100.000000 , 0.000000 , 0.000000 , 0.000000 , 88.581012 , 9.906308 , , 1.000000 , 3224.000000 , 100.000000 , 100.000000 , 0.000000 , 0.000000 , 0.000000 , 92.223631 , 11.474631 , , 0.333333 , 3280.000000 , 100.000000 , 100.000000 , 0.000319 , 0.000160 , 0.042941 , 96.818489 , 13.571149 , , 1.000000 , 5.000000 , 16.666667 , 16.666667 , 0.000000 , 0.000000 , 0.000000 , 40.102204 , 0.286070 , , 1.000000 , 307.666667 , 52.380952 , 28.571429 , 0.000000 , 0.000000 , 0.000000 , 53.509792 , 2.453018
triptim1 , , 1.000000 , 1.333333 , 100.000000 , 100.000000 , 0.000000 , 0.000000 , 0.000000 , 7.017648 , 34.389418 , , 1.000000 , 2.333333 , 100.000000 , 100.000000 , 0.000000 , 0.000000 , 0.000000 , 16.885888 , 54.741878 , , 1.000000 , 95.333333 , 18.181818 , 9.090909 , 0.000000 , 0.000000 , 0.000000 , 6.039911 , 32.056219 , , 1.000000 , 88.333333 , 90.000000 , 80.000000 , 0.000000 , 0.000000 , 0.000000 , 13.740327 , 52.601272 , , 1.000000 , 1.000000 , 50.000000 , 50.000000 , 0.000000 , 0.000000 , 0.000000 , 10.293385 , 64.776520 , , 1.000000 , 2.000000 , 11.111111 , 11.111111 , 0.000000 , 0.000000 , 0.000000 , 15.949070 , 191.414218
wachplan , , 1.000000 , 31.000000 , 100.000000 , 100.000000 , 0.000000 , 0.000000 , 0.000000 , 0.000000 , 2.211042 , , 1.000000 , 6.666667 , 100.000000 , 100.000000 , 0.000000 , 0.000000 , 0.000000 , 0.000000 , 0.983124 , , 1.000000 , 276.333333 , 88.888889 , 55.555556 , 0.000000 , 0.000000 , 0.000000 , 0.000000 , 3.206221 , , 1.000000 , 100.333333 , 100.000000 , 83.333333 , 0.000000 , 0.000000 , 0.000000 , 0.000000 , 5.580451 , , 1.000000 , 540.000000 , 46.153846 , 7.692308 , 0.000000 , 0.000000 , 0.000000 , 0.000000 , 8.243189 , , 1.000000 , 609.000000 , 63.888889 , 16.666667 , 0.000000 , 0.000000 , 0.000000 , 0.000000 , 11.588977
Total , , 0.702703 , 1654.626126 , 100.000000 , 100.000000 , 2.761538 , 2.771039 , 3.500781 , 43.599903 , 496.534221 , , 0.729730 , 1731.337838 , 100.000000 , 100.000000 , 2.733164 , 2.768400 , 3.084475 , 66.917243 , 469.312823 , , 0.747748 , 1632.590090 , 77.236641 , 64.956117 , 2.757724 , 2.757021 , 3.475415 , 47.018615 , 511.957920 , , 0.747748 , 1741.099099 , 86.401759 , 72.391141 , 2.727376 , 2.763475 , 2.988524 , 60.681460 , 508.666489 , , 0.756757 , 1459.945946 , 58.527269 , 43.950299 , 4.106660 , 4.116665 , 4.647242 , 51.348565 , 469.930369 , , 0.765766 , 1531.689189 , 67.262737 , 50.469493 , 4.074247 , 4.106363 , 4.169045 , 61.525534 , 497.447816
